ID,Nightlord,Shifting Earth,Minor Base,Minor Base,Minor Base,Minor Base,Minor Base,Minor Base,Minor Base,Minor Base,Minor Base,Minor Base,Minor Base
,,,1_Northeast of Saintsbridge,2_West of Warmasters Shack,3_Below Summonwater Hawk,4_Third Church,5_Above Stormhill Tunnel Entrance,6_Stormhill South of Gate,7_Minor Erdtree,8_East of Cavalry Bridge,9_Far Southwest,10_Lake,11_Southeast of Lake
0,Gladius,Default,Sorcerer's Rise - Fog Door,Church - Normal,Small Camp - Dogs,Church - Normal,Small Camp - Caravans,Small Camp - Dogs and Soldiers,Small Camp - Caravans,Small Camp - Demi-Humans,Church - Normal,Sorcerer's Rise - Unlit Candle,Small Camp - Dogs and Soldiers
1,Gladius,Default,Church - Normal,Sorcerer's Rise - Fog Door,Church - Normal,Small Camp - Guilty,Small Camp - Caravans and Nobles,Small Camp - Guilty,Small Camp - Caravans,Sorcerer's Rise - Missing Statue,Small Camp - Dogs,Church - Normal,Small Camp - Dogs
2,Gladius,Default,Church - Normal,Small Camp - Misbegotten,Church - Normal,Small Camp - Guilty,Small Camp - Caravans,Small Camp - Wandering Nobles,Small Camp - Guilty,Small Camp - Misbegotten,Small Camp - Guilty,Sorcerer's Rise - Fake Building,Church - Normal
3,Gladius,Default,Small Camp - Guilty,Sorcerer's Rise - Windy Trees,Small Camp - Foot Soldiers,Church - Normal,Church - Normal,Small Camp - Dogs and Soldiers,Small Camp - Dogs and Soldiers,Township - Township,Sorcerer's Rise - Unlit Candle,Church - Normal,Small Camp - Caravans
4,Gladius,Default,Church - Normal,Small Camp - Caravans,Township - Township,Small Camp - Guilty,Church - Normal,Church - Normal,Small Camp - Caravans,Small Camp - Soldiers,Sorcerer's Rise - Fog Door,Sorcerer's Rise - Unlit Candle,Small Camp - Wandering Nobles
5,Gladius,Default,Small Camp - Soldiers,Small Camp - Soldiers,Sorcerer's Rise - Windy Trees,Small Camp - Dogs and Soldiers,Small Camp - Caravans,Church - Normal,Church - Normal,Small Camp - Caravans and Nobles,Sorcerer's Rise - Missing Statue,Sorcerer's Rise - Withered Trees,Church - Normal
6,Gladius,Default,Small Camp - Dogs,Small Camp - Caravans,Sorcerer's Rise - Pool Reflection,Church - Normal,Small Camp - Caravans and Nobles,Small Camp - Dogs,Small Camp - Dogs and Soldiers,Church - Normal,Church - Normal,Small Camp - Dogs,Small Camp - Dogs and Soldiers
7,Gladius,Default,Small Camp - Caravans,Sorcerer's Rise - Fake Building,Small Camp - Dogs and Soldiers,Church - Normal,Small Camp - Caravans,Sorcerer's Rise - Imp Statue,Small Camp - Rats and Demi-Humans,Church - Normal,Church - Normal,Township - Township,Small Camp - Guilty
8,Gladius,Default,Small Camp - Guilty,Sorcerer's Rise - Fleeing Stump,Church - Normal,Small Camp - Caravans,Township - Township,Church - Normal,Sorcerer's Rise - Missing Statue,Small Camp - Misbegotten,Church - Rats,Small Camp - Caravans,Church - Normal
9,Gladius,Default,Sorcerer's Rise - Pool Reflection,Small Camp - Caravans,Small Camp - Soldiers,Small Camp - Soldiers,Church - Normal,Small Camp - Soldiers,Small Camp - Guilty,Church - Rats,Church - Normal,Church - Normal,Small Camp - Soldiers
10,Gladius,Default,Small Camp - Dogs and Soldiers,Church - Normal,Small Camp - Caravans,Church - Normal,Small Camp - Dogs and Soldiers,Township - Township,Sorcerer's Rise - Imp Statue,Small Camp - Soldiers,Church - Rats,Small Camp - Soldiers,Church - Normal
11,Gladius,Default,Small Camp - Dogs,Small Camp - Soldiers,Sorcerer's Rise - Pool Reflection,Church - Normal,Sorcerer's Rise - Missing Statue,Small Camp - Caravans,Small Camp - Demi-Humans,Church - Normal,Small Camp - Soldiers,Church - Normal,Sorcerer's Rise - Windy Trees
12,Gladius,Default,Sorcerer's Rise - Withered Trees,Small Camp - Dogs and Soldiers,Small Camp - Caravans,Church - Normal,Church - Normal,Small Camp - Wandering Nobles,Small Camp - Guilty,Sorcerer's Rise - Windy Trees,Church - Normal,Small Camp - Caravans,Sorcerer's Rise - Missing Statue
13,Gladius,Default,Small Camp - Dogs and Soldiers,Township - Township,Small Camp - Dogs and Soldiers,Church - Normal,Church - Normal,Small Camp - Guilty,Small Camp - Guilty,Sorcerer's Rise - Imp Statue,Small Camp - Wandering Nobles,Small Camp - Caravans,Church - Normal
14,Gladius,Default,Sorcerer's Rise - Unlit Candle,Church - Normal,Small Camp - Misbegotten,Small Camp - Misbegotten,Small Camp - Soldiers,Small Camp - Caravans,Small Camp - Misbegotten,Church - Normal,Small Camp - Rats and Demi-Humans,Church - Normal,Small Camp - Soldiers
15,Gladius,Default,Small Camp - Rats and Demi-Humans,Church - Normal,Small Camp - Caravans,Small Camp - Misbegotten,Small Camp - Caravans,Sorcerer's Rise - Fleeing Stump,Church - Normal,Church - Normal,Small Camp - Soldiers,Sorcerer's Rise - Withered Trees,Sorcerer's Rise - Missing Statue
16,Gladius,Default,Small Camp - Foot Soldiers,Sorcerer's Rise - Above Door,Small Camp - Dogs,Church - Normal,Church - Normal,Small Camp - Caravans,Small Camp - Guilty,Small Camp - Guilty,Small Camp - Dogs,Sorcerer's Rise - Fake Building,Church - Normal
17,Gladius,Default,Sorcerer's Rise - Above Door,Small Camp - Dogs and Soldiers,Small Camp - Foot Soldiers,Small Camp - Caravans,Small Camp - Guilty,Church - Normal,Small Camp - Dogs and Soldiers,Church - Normal,Small Camp - Caravans,Sorcerer's Rise - Missing Statue,Church - Normal
18,Gladius,Default,Church - Normal,Sorcerer's Rise - Above Door,Small Camp - Guilty,Small Camp - Dogs and Soldiers,Small Camp - Foot Soldiers,Small Camp - Caravans,Church - Normal,Church - Normal,Small Camp - Dogs and Soldiers,Small Camp - Guilty,Small Camp - Dogs and Soldiers
19,Gladius,Default,Small Camp - Soldiers,Small Camp - Caravans and Nobles,Church - Normal,Small Camp - Caravans,Church - Normal,Small Camp - Soldiers,Sorcerer's Rise - Imp Statue,Sorcerer's Rise - Unlit Candle,Small Camp - Dogs and Soldiers,Small Camp - Soldiers,Church - Normal
20,Gladius,Mountaintop,Small Camp - Dogs and Soldiers,,Church - Rats,Small Camp - Dogs and Soldiers,,Church - Normal,Church - Normal,Small Camp - Guilty,Small Camp - Guilty,Sorcerer's Rise - Imp Statue,Church - Normal
21,Gladius,Mountaintop,Church - Normal,,Church - Normal,Small Camp - Misbegotten,,Sorcerer's Rise - Unlit Candle,Small Camp - Caravans,Sorcerer's Rise - Fake Building,Church - Normal,Small Camp - Dogs and Soldiers,Small Camp - Nobles and Soldiers
22,Gladius,Mountaintop,Sorcerer's Rise - Windy Trees,,Church - Normal,Small Camp - Caravans,,Small Camp - Foot Soldiers,Sorcerer's Rise - Fleeing Stump,Small Camp - Soldiers,Church - Normal,Small Camp - Misbegotten,Church - Normal
23,Gladius,Mountaintop,Township - Township,,Small Camp - Shack,Church - Normal,,Small Camp - Misbegotten,Sorcerer's Rise - Fleeing Stump,Small Camp - Soldiers,Church - Normal,Small Camp - Soldiers,Church - Normal
24,Gladius,Mountaintop,Sorcerer's Rise - Unlit Candle,,Small Camp - Wandering Nobles,Church - Normal,,Small Camp - Guilty,Small Camp - Dogs and Soldiers,Church - Normal,Small Camp - Caravans,Township - Township,Church - Normal
25,Gladius,Crater,,Small Camp - Dogs and Soldiers,Sorcerer's Rise - Above Door,Church - Normal,,Township - Township,Small Camp - Dogs,Church - Normal,Small Camp - Caravans,Church - Normal,Small Camp - Caravans and Nobles
26,Gladius,Crater,,Small Camp - Dogs,Small Camp - Dogs,Small Camp - Dogs,,Church - Normal,Church - Normal,Church - Normal,Small Camp - Foot Soldiers,Sorcerer's Rise - Unlit Candle,Small Camp - Soldiers
27,Gladius,Crater,,Church - Normal,Sorcerer's Rise - Fake Building,Small Camp - Soldiers,,Small Camp - Guilty,Township - Township,Small Camp - Caravans and Nobles,Church - Normal,Sorcerer's Rise - Fleeing Stump,Church - Normal
28,Gladius,Crater,,Small Camp - Caravans and Nobles,Small Camp - Dogs and Soldiers,Small Camp - Caravans,,Sorcerer's Rise - Withered Trees,Church - Normal,Church - Normal,Small Camp - Dogs,Township - Township,Church - Normal
29,Gladius,Crater,,Small Camp - Nobles and Soldiers,Small Camp - Dogs,Church - Normal,,Small Camp - Soldiers,Small Camp - Dogs,Church - Normal,Church - Normal,Small Camp - Soldiers,Sorcerer's Rise - Fleeing Stump
30,Gladius,Rotted Woods,Church - Normal,Sorcerer's Rise - Withered Trees,Small Camp - Shack,Small Camp - Caravans,Church - Normal,Sorcerer's Rise - Fake Building,,,Small Camp - Soldiers,Church - Normal,
31,Gladius,Rotted Woods,Sorcerer's Rise - Fleeing Stump,Church - Rats,Township - Township,Small Camp - Caravans,Church - Normal,Small Camp - Dogs,,,Church - Normal,Church - Normal,
32,Gladius,Rotted Woods,Church - Normal,Small Camp - Caravans,Small Camp - Demi-Humans,Small Camp - Soldiers,Church - Normal,Sorcerer's Rise - Missing Statue,,,Church - Normal,Small Camp - Misbegotten,
33,Gladius,Rotted Woods,Church - Normal,Sorcerer's Rise - Fake Building,Small Camp - Foot Soldiers,Sorcerer's Rise - Withered Trees,Small Camp - Soldiers,Small Camp - Guilty,,,Church - Normal,Church - Normal,
34,Gladius,Rotted Woods,Church - Normal,Church - Normal,Church - Normal,Township - Township,Sorcerer's Rise - Unlit Candle,Small Camp - Caravans and Nobles,,,Sorcerer's Rise - Fleeing Stump,Small Camp - Dogs,
35,Gladius,Noklateo,Sorcerer's Rise - Windy Trees,Church - Normal,Township - Township,Church - Normal,Small Camp - Demi-Humans,,Small Camp - Dogs,Small Camp - Dogs and Soldiers,,,Church - Normal
36,Gladius,Noklateo,Small Camp - Rats and Demi-Humans,Church - Normal,Township - Township,Small Camp - Misbegotten,Sorcerer's Rise - Fleeing Stump,,Church - Normal,Church - Normal,,,Small Camp - Dogs
37,Gladius,Noklateo,Small Camp - Misbegotten,Church - Normal,Small Camp - Soldiers,Church - Normal,Small Camp - Misbegotten,,Sorcerer's Rise - Missing Statue,Small Camp - Demi-Humans,,,Church - Normal
38,Gladius,Noklateo,Small Camp - Dogs,Church - Normal,Township - Township,Church - Normal,Sorcerer's Rise - Missing Statue,,Small Camp - Wandering Nobles,Church - Normal,,,Sorcerer's Rise - Unlit Candle
39,Gladius,Noklateo,Small Camp - Misbegotten,Small Camp - Dogs,Sorcerer's Rise - Pool Reflection,Township - Township,Church - Normal,,Church - Normal,Small Camp - Wandering Nobles,,,Church - Normal
40,Adel,Default,Church - Normal,Small Camp - Dogs,Church - Normal,Small Camp - Dogs,Small Camp - Caravans,Sorcerer's Rise - Fake Building,Small Camp - Misbegotten,Sorcerer's Rise - Fleeing Stump,Church - Normal,Sorcerer's Rise - Imp Statue,Small Camp - Nobles and Soldiers
41,Adel,Default,Sorcerer's Rise - Fake Building,Small Camp - Foot Soldiers,Small Camp - Misbegotten,Church - Normal,Church - Normal,Small Camp - Misbegotten,Small Camp - Caravans,Sorcerer's Rise - Fleeing Stump,Small Camp - Guilty,Church - Normal,Sorcerer's Rise - Fog Door
42,Adel,Default,Small Camp - Caravans,Sorcerer's Rise - Fog Door,Church - Normal,Small Camp - Misbegotten,Small Camp - Caravans,Small Camp - Wandering Nobles,Sorcerer's Rise - Unlit Candle,Sorcerer's Rise - Above Door,Church - Normal,Church - Normal,Small Camp - Soldiers
43,Adel,Default,Sorcerer's Rise - Unlit Candle,Church - Normal,Small Camp - Wandering Nobles,Small Camp - Dogs and Soldiers,Small Camp - Dogs and Soldiers,Small Camp - Dogs,Small Camp - Caravans,Church - Normal,Small Camp - Dogs,Small Camp - Caravans,Church - Normal
44,Adel,Default,Small Camp - Guilty,Small Camp - Soldiers,Small Camp - Rats and Demi-Humans,Sorcerer's Rise - Fog Door,Church - Normal,Small Camp - Guilty,Church - Normal,Small Camp - Soldiers,Church - Normal,Small Camp - Caravans,Small Camp - Soldiers
45,Adel,Default,Small Camp - Caravans,Small Camp - Dogs,Sorcerer's Rise - Missing Statue,Church - Normal,Small Camp - Dogs,Church - Normal,Small Camp - Guilty,Church - Normal,Small Camp - Dogs,Sorcerer's Rise - Windy Trees,Small Camp - Caravans and Nobles
46,Adel,Default,Small Camp - Soldiers,Small Camp - Caravans,Small Camp - Soldiers,Small Camp - Guilty,Sorcerer's Rise - Unlit Candle,Church - Normal,Township - Township,Church - Normal,Small Camp - Soldiers,Church - Normal,Small Camp - Shack
47,Adel,Default,Small Camp - Soldiers,Small Camp - Foot Soldiers,Church - Normal,Small Camp - Guilty,Sorcerer's Rise - Fleeing Stump,Church - Normal,Small Camp - Caravans,Township - Township,Small Camp - Soldiers,Church - Normal,Small Camp - Guilty
48,Adel,Default,Church - Normal,Church - Normal,Small Camp - Dogs and Soldiers,Small Camp - Caravans,Small Camp - Demi-Humans,Sorcerer's Rise - Withered Trees,Church - Normal,Small Camp - Caravans,Small Camp - Soldiers,Sorcerer's Rise - Fog Door,Small Camp - Soldiers
49,Adel,Default,Church - Normal,Church - Normal,Township - Township,Sorcerer's Rise - Above Door,Sorcerer's Rise - Fog Door,Small Camp - Soldiers,Sorcerer's Rise - Windy Trees,Church - Normal,Church - Rats,Small Camp - Caravans,Small Camp - Dogs
50,Adel,Default,Small Camp - Soldiers,Sorcerer's Rise - Unlit Candle,Church - Normal,Small Camp - Caravans,Small Camp - Guilty,Sorcerer's Rise - Fake Building,Small Camp - Caravans and Nobles,Township - Township,Church - Normal,Small Camp - Caravans,Church - Normal
51,Adel,Default,Small Camp - Dogs,Small Camp - Caravans,Township - Township,Church - Normal,Small Camp - Guilty,Sorcerer's Rise - Unlit Candle,Sorcerer's Rise - Above Door,Small Camp - Caravans and Nobles,Church - Normal,Small Camp - Caravans,Church - Normal
52,Adel,Default,Small Camp - Soldiers,Sorcerer's Rise - Pool Reflection,Sorcerer's Rise - Fog Door,Church - Normal,Small Camp - Soldiers,Small Camp - Caravans,Small Camp - Shack,Church - Normal,Small Camp - Soldiers,Small Camp - Dogs and Soldiers,Church - Normal
53,Adel,Default,Small Camp - Caravans,Church - Normal,Small Camp - Caravans,Small Camp - Dogs and Soldiers,Small Camp - Dogs and Soldiers,Church - Rats,Sorcerer's Rise - Windy Trees,Church - Normal,Church - Normal,Small Camp - Guilty,Small Camp - Dogs and Soldiers
54,Adel,Default,Church - Rats,Sorcerer's Rise - Fleeing Stump,Small Camp - Misbegotten,Small Camp - Caravans,Small Camp - Dogs and Soldiers,Church - Normal,Church - Normal,Small Camp - Caravans,Small Camp - Misbegotten,Church - Normal,Township - Township
55,Adel,Default,Small Camp - Nobles and Soldiers,Sorcerer's Rise - Imp Statue,Small Camp - Guilty,Sorcerer's Rise - Withered Trees,Church - Normal,Church - Normal,Sorcerer's Rise - Fake Building,Small Camp - Caravans,Township - Township,Church - Normal,Small Camp - Dogs
56,Adel,Default,Church - Normal,Church - Normal,Church - Normal,Township - Township,Sorcerer's Rise - Withered Trees,Small Camp - Caravans,Small Camp - Wandering Nobles,Small Camp - Caravans,Small Camp - Soldiers,Small Camp - Guilty,Sorcerer's Rise - Fake Building
57,Adel,Default,Sorcerer's Rise - Fake Building,Small Camp - Dogs,Small Camp - Guilty,Church - Normal,Church - Rats,Small Camp - Caravans,Sorcerer's Rise - Imp Statue,Church - Normal,Church - Normal,Small Camp - Dogs,Sorcerer's Rise - Fog Door
58,Adel,Default,Small Camp - Misbegotten,Township - Township,Church - Normal,Small Camp - Dogs and Soldiers,Church - Normal,Small Camp - Caravans,Small Camp - Dogs and Soldiers,Sorcerer's Rise - Fog Door,Small Camp - Demi-Humans,Small Camp - Misbegotten,Church - Normal
59,Adel,Default,Church - Normal,Small Camp - Caravans,Small Camp - Nobles and Soldiers,Small Camp - Dogs and Soldiers,Church - Normal,Sorcerer's Rise - Above Door,Small Camp - Dogs and Soldiers,Small Camp - Guilty,Small Camp - Guilty,Small Camp - Caravans,Church - Normal
60,Adel,Mountaintop,Church - Normal,,Small Camp - Shack,Sorcerer's Rise - Fake Building,,Church - Normal,Small Camp - Misbegotten,Church - Normal,Small Camp - Dogs,Small Camp - Misbegotten,Small Camp - Misbegotten
61,Adel,Mountaintop,Small Camp - Misbegotten,,Church - Normal,Small Camp - Misbegotten,,Church - Normal,Small Camp - Guilty,Township - Township,Small Camp - Demi-Humans,Sorcerer's Rise - Withered Trees,Church - Normal
62,Adel,Mountaintop,Sorcerer's Rise - Above Door,,Small Camp - Caravans and Nobles,Small Camp - Caravans,,Church - Normal,Church - Normal,Small Camp - Guilty,Small Camp - Soldiers,Church - Normal,Township - Township
63,Adel,Mountaintop,Sorcerer's Rise - Above Door,,Church - Normal,Small Camp - Dogs and Soldiers,,Small Camp - Guilty,Sorcerer's Rise - Withered Trees,Small Camp - Rats and Demi-Humans,Church - Normal,Church - Normal,Small Camp - Guilty
64,Adel,Mountaintop,Sorcerer's Rise - Pool Reflection,,Small Camp - Misbegotten,Church - Normal,,Small Camp - Guilty,Church - Rats,Small Camp - Misbegotten,Church - Normal,Small Camp - Misbegotten,Church - Normal
65,Adel,Crater,,Church - Normal,Church - Normal,Sorcerer's Rise - Fog Door,,Township - Township,Small Camp - Dogs and Soldiers,Small Camp - Shack,Small Camp - Caravans,Church - Normal,Small Camp - Misbegotten
66,Adel,Crater,,Church - Normal,Small Camp - Guilty,Church - Normal,,Small Camp - Caravans,Small Camp - Misbegotten,Church - Normal,Small Camp - Guilty,Sorcerer's Rise - Unlit Candle,Small Camp - Demi-Humans
67,Adel,Crater,,Church - Normal,Sorcerer's Rise - Windy Trees,Small Camp - Dogs and Soldiers,,Small Camp - Soldiers,Church - Normal,Small Camp - Nobles and Soldiers,Sorcerer's Rise - Above Door,Church - Normal,Small Camp - Soldiers
68,Adel,Crater,,Small Camp - Misbegotten,Small Camp - Wandering Nobles,Church - Normal,,Church - Normal,Sorcerer's Rise - Pool Reflection,Small Camp - Dogs and Soldiers,Small Camp - Caravans,Church - Normal,Township - Township
69,Adel,Crater,,Sorcerer's Rise - Fake Building,Small Camp - Caravans,Church - Normal,,Small Camp - Dogs and Soldiers,Sorcerer's Rise - Missing Statue,Church - Normal,Small Camp - Nobles and Soldiers,Small Camp - Misbegotten,Church - Normal
70,Adel,Rotted Woods,Church - Normal,Church - Normal,Church - Normal,Small Camp - Guilty,Small Camp - Rats and Demi-Humans,Sorcerer's Rise - Fake Building,,,Small Camp - Dogs,Small Camp - Caravans,
71,Adel,Rotted Woods,Small Camp - Dogs,Small Camp - Caravans,Small Camp - Shack,Church - Normal,Church - Normal,Sorcerer's Rise - Pool Reflection,,,Church - Normal,Small Camp - Misbegotten,
72,Adel,Rotted Woods,Church - Normal,Sorcerer's Rise - Imp Statue,Church - Normal,Small Camp - Soldiers,Church - Normal,Small Camp - Nobles and Soldiers,,,Small Camp - Misbegotten,Township - Township,
73,Adel,Rotted Woods,Church - Normal,Small Camp - Soldiers,Small Camp - Demi-Humans,Small Camp - Dogs and Soldiers,Church - Normal,Sorcerer's Rise - Fog Door,,,Small Camp - Soldiers,Church - Normal,
74,Adel,Rotted Woods,Church - Normal,Small Camp - Caravans,Sorcerer's Rise - Pool Reflection,Church - Normal,Church - Normal,Small Camp - Wandering Nobles,,,Sorcerer's Rise - Fake Building,Small Camp - Misbegotten,
75,Adel,Noklateo,Church - Rats,Small Camp - Dogs and Soldiers,Church - Normal,Sorcerer's Rise - Windy Trees,Church - Normal,,Township - Township,Sorcerer's Rise - Pool Reflection,,,Church - Normal
76,Adel,Noklateo,Small Camp - Shack,Church - Normal,Small Camp - Soldiers,Church - Normal,Small Camp - Caravans,,Small Camp - Misbegotten,Church - Normal,,,Sorcerer's Rise - Windy Trees
77,Adel,Noklateo,Church - Normal,Small Camp - Shack,Small Camp - Caravans,Church - Normal,Church - Normal,,Township - Township,Small Camp - Misbegotten,,,Sorcerer's Rise - Fog Door
78,Adel,Noklateo,Church - Normal,Church - Normal,Church - Normal,Sorcerer's Rise - Fog Door,Small Camp - Dogs,,Small Camp - Foot Soldiers,Small Camp - Soldiers,,,Small Camp - Dogs
79,Adel,Noklateo,Church - Normal,Church - Normal,Small Camp - Soldiers,Church - Normal,Small Camp - Soldiers,,Small Camp - Dogs,Sorcerer's Rise - Fleeing Stump,,,Small Camp - Shack
80,Gnoster,Default,Small Camp - Misbegotten,Church - Normal,Small Camp - Soldiers,Township - Township,Sorcerer's Rise - Withered Trees,Sorcerer's Rise - Unlit Candle,Church - Normal,Small Camp - Wandering Nobles,Small Camp - Caravans,Sorcerer's Rise - Windy Trees,Church - Normal
81,Gnoster,Default,Sorcerer's Rise - Imp Statue,Church - Rats,Small Camp - Guilty,Church - Normal,Church - Normal,Small Camp - Dogs,Small Camp - Dogs,Small Camp - Caravans,Small Camp - Dogs,Small Camp - Dogs,Church - Normal
82,Gnoster,Default,Church - Rats,Small Camp - Dogs and Soldiers,Small Camp - Soldiers,Church - Normal,Township - Township,Church - Normal,Sorcerer's Rise - Fleeing Stump,Small Camp - Caravans,Small Camp - Dogs and Soldiers,Small Camp - Caravans,Church - Normal
83,Gnoster,Default,Church - Normal,Sorcerer's Rise - Fog Door,Church - Normal,Small Camp - Guilty,Small Camp - Nobles and Soldiers,Small Camp - Caravans,Township - Township,Small Camp - Misbegotten,Church - Normal,Sorcerer's Rise - Windy Trees,Sorcerer's Rise - Withered Trees
84,Gnoster,Default,Small Camp - Caravans,Small Camp - Misbegotten,Small Camp - Dogs,Church - Normal,Church - Normal,Sorcerer's Rise - Missing Statue,Small Camp - Wandering Nobles,Sorcerer's Rise - Pool Reflection,Small Camp - Caravans,Church - Normal,Township - Township
85,Gnoster,Default,Small Camp - Dogs and Soldiers,Small Camp - Caravans,Small Camp - Misbegotten,Church - Normal,Church - Normal,Sorcerer's Rise - Withered Trees,Small Camp - Demi-Humans,Sorcerer's Rise - Fleeing Stump,Small Camp - Misbegotten,Church - Normal,Small Camp - Dogs and Soldiers
86,Gnoster,Default,Township - Township,Small Camp - Misbegotten,Sorcerer's Rise - Unlit Candle,Small Camp - Misbegotten,Church - Normal,Church - Normal,Small Camp - Dogs and Soldiers,Small Camp - Demi-Humans,Small Camp - Caravans,Church - Normal,Small Camp - Caravans
87,Gnoster,Default,Township - Township,Sorcerer's Rise - Above Door,Church - Normal,Sorcerer's Rise - Pool Reflection,Sorcerer's Rise - Windy Trees,Church - Normal,Small Camp - Soldiers,Small Camp - Shack,Small Camp - Caravans,Church - Normal,Small Camp - Dogs and Soldiers
88,Gnoster,Default,Church - Normal,Sorcerer's Rise - Above Door,Church - Normal,Small Camp - Misbegotten,Township - Township,Small Camp - Dogs,Sorcerer's Rise - Withered Trees,Small Camp - Caravans,Church - Normal,Small Camp - Caravans,Small Camp - Foot Soldiers
89,Gnoster,Default,Small Camp - Caravans,Sorcerer's Rise - Unlit Candle,Church - Normal,Township - Township,Church - Normal,Small Camp - Guilty,Small Camp - Caravans,Small Camp - Dogs and Soldiers,Church - Normal,Sorcerer's Rise - Fleeing Stump,Small Camp - Caravans and Nobles
90,Gnoster,Default,Church - Normal,Sorcerer's Rise - Withered Trees,Sorcerer's Rise - Fog Door,Church - Normal,Small Camp - Soldiers,Small Camp - Nobles and Soldiers,Small Camp - Soldiers,Small Camp - Caravans,Small Camp - Misbegotten,Church - Normal,"Difficult Sorcerer's Rise - Rear Withered Trees, Right of Door, Missing Statue"
91,Gnoster,Default,Small Camp - Misbegotten,Small Camp - Dogs,Sorcerer's Rise - Fake Building,Small Camp - Caravans,Church - Normal,Sorcerer's Rise - Windy Trees,Township - Township,Church - Normal,Small Camp - Caravans,Church - Normal,Small Camp - Demi-Humans
92,Gnoster,Default,Small Camp - Dogs,Church - Normal,Small Camp - Shack,Church - Normal,Small Camp - Dogs and Soldiers,Small Camp - Caravans,Small Camp - Dogs,Sorcerer's Rise - Withered Trees,Sorcerer's Rise - Unlit Candle,Church - Normal,Small Camp - Caravans
93,Gnoster,Default,Small Camp - Misbegotten,Small Camp - Dogs and Soldiers,Small Camp - Caravans and Nobles,Church - Normal,Sorcerer's Rise - Windy Trees,Sorcerer's Rise - Pool Reflection,Sorcerer's Rise - Fleeing Stump,Church - Normal,Church - Normal,Small Camp - Caravans,Township - Township
94,Gnoster,Default,Small Camp - Soldiers,Church - Normal,Small Camp - Soldiers,Small Camp - Misbegotten,Small Camp - Misbegotten,Small Camp - Soldiers,Small Camp - Foot Soldiers,Church - Normal,Church - Normal,Sorcerer's Rise - Fake Building,Small Camp - Caravans
95,Gnoster,Default,Small Camp - Dogs,Sorcerer's Rise - Withered Trees,Small Camp - Demi-Humans,Church - Normal,Church - Normal,Small Camp - Dogs,Sorcerer's Rise - Pool Reflection,Small Camp - Soldiers,Church - Normal,Small Camp - Caravans,Small Camp - Soldiers
96,Gnoster,Default,Small Camp - Dogs and Soldiers,Sorcerer's Rise - Windy Trees,Small Camp - Caravans,Sorcerer's Rise - Fake Building,Church - Normal,Small Camp - Dogs,Church - Normal,Small Camp - Dogs,Church - Rats,Township - Township,Church - Normal
97,Gnoster,Default,Small Camp - Caravans,Small Camp - Soldiers,Church - Rats,Small Camp - Caravans,Church - Normal,Sorcerer's Rise - Imp Statue,Sorcerer's Rise - Above Door,Church - Normal,Church - Normal,Small Camp - Dogs,Sorcerer's Rise - Fog Door
98,Gnoster,Default,Small Camp - Guilty,Small Camp - Guilty,Small Camp - Guilty,Small Camp - Caravans,Small Camp - Caravans,Small Camp - Demi-Humans,Church - Normal,Church - Normal,Small Camp - Dogs,Sorcerer's Rise - Unlit Candle,Church - Normal
99,Gnoster,Default,Sorcerer's Rise - Missing Statue,Church - Normal,Small Camp - Dogs,Sorcerer's Rise - Fog Door,Small Camp - Caravans and Nobles,Small Camp - Caravans,Small Camp - Dogs,Small Camp - Guilty,Church - Normal,Small Camp - Caravans,Church - Normal
100,Gnoster,Mountaintop,Church - Normal,,Small Camp - Caravans,Sorcerer's Rise - Pool Reflection,,Small Camp - Guilty,Small Camp - Rats and Demi-Humans,Church - Normal,Township - Township,Church - Normal,Small Camp - Misbegotten
101,Gnoster,Mountaintop,Church - Normal,,Sorcerer's Rise - Withered Trees,Small Camp - Misbegotten,,Township - Township,Small Camp - Rats and Demi-Humans,Sorcerer's Rise - Windy Trees,Church - Normal,Small Camp - Guilty,Church - Normal
102,Gnoster,Mountaintop,Church - Normal,,Small Camp - Wandering Nobles,Small Camp - Soldiers,,Small Camp - Soldiers,Church - Normal,Small Camp - Guilty,Church - Normal,Small Camp - Guilty,Sorcerer's Rise - Pool Reflection
103,Gnoster,Mountaintop,Church - Normal,,Small Camp - Caravans,Small Camp - Misbegotten,,Small Camp - Dogs,Small Camp - Foot Soldiers,Sorcerer's Rise - Fog Door,Church - Normal,Small Camp - Misbegotten,Church - Normal
104,Gnoster,Mountaintop,Small Camp - Soldiers,,Sorcerer's Rise - Windy Trees,Church - Normal,,Church - Normal,Small Camp - Misbegotten,Church - Rats,Sorcerer's Rise - Pool Reflection,Church - Normal,Small Camp - Misbegotten
105,Gnoster,Crater,,Church - Normal,Small Camp - Nobles and Soldiers,Small Camp - Guilty,,Sorcerer's Rise - Above Door,Church - Normal,Church - Normal,Small Camp - Soldiers,Small Camp - Soldiers,Small Camp - Soldiers
106,Gnoster,Crater,,Township - Township,Small Camp - Dogs,Church - Normal,,Small Camp - Guilty,Small Camp - Rats and Demi-Humans,Church - Normal,Sorcerer's Rise - Windy Trees,Church - Normal,Small Camp - Dogs
107,Gnoster,Crater,,Small Camp - Shack,Sorcerer's Rise - Withered Trees,Small Camp - Dogs,,Small Camp - Caravans,Church - Normal,Church - Normal,Church - Normal,Small Camp - Soldiers,Sorcerer's Rise - Unlit Candle
108,Gnoster,Crater,,Small Camp - Misbegotten,Sorcerer's Rise - Withered Trees,Church - Normal,,Township - Township,Small Camp - Shack,Small Camp - Dogs and Soldiers,Church - Normal,Church - Normal,Sorcerer's Rise - Unlit Candle
109,Gnoster,Crater,,Church - Normal,Township - Township,Small Camp - Dogs and Soldiers,,Small Camp - Rats and Demi-Humans,Small Camp - Caravans,Church - Normal,Sorcerer's Rise - Fog Door,Church - Normal,Small Camp - Dogs
110,Gnoster,Rotted Woods,Church - Normal,Small Camp - Caravans,Church - Normal,Sorcerer's Rise - Windy Trees,Sorcerer's Rise - Imp Statue,Church - Normal,,,Small Camp - Shack,Small Camp - Misbegotten,
111,Gnoster,Rotted Woods,Church - Normal,Sorcerer's Rise - Fake Building,Township - Township,Church - Normal,Sorcerer's Rise - Windy Trees,Small Camp - Misbegotten,,,Small Camp - Foot Soldiers,Church - Normal,
112,Gnoster,Rotted Woods,Small Camp - Shack,"Difficult Sorcerer's Rise - Fake Building, Right of Door, Unlit Candle",Sorcerer's Rise - Fake Building,Church - Normal,Sorcerer's Rise - Unlit Candle,Small Camp - Misbegotten,,,Church - Normal,Church - Normal,
113,Gnoster,Rotted Woods,Small Camp - Nobles and Soldiers,Church - Normal,Sorcerer's Rise - Fake Building,Church - Normal,Township - Township,Small Camp - Dogs,,,Sorcerer's Rise - Fog Door,Church - Normal,
114,Gnoster,Rotted Woods,Small Camp - Soldiers,Small Camp - Foot Soldiers,Small Camp - Guilty,Township - Township,Church - Normal,Sorcerer's Rise - Unlit Candle,,,Church - Normal,Church - Normal,
115,Gnoster,Noklateo,Church - Normal,Church - Normal,Church - Rats,Church - Normal,Small Camp - Soldiers,,Sorcerer's Rise - Unlit Candle,Small Camp - Misbegotten,,,Small Camp - Soldiers
116,Gnoster,Noklateo,Small Camp - Caravans,Township - Township,Small Camp - Demi-Humans,Small Camp - Dogs,Church - Normal,,Church - Normal,Church - Normal,,,Sorcerer's Rise - Unlit Candle
117,Gnoster,Noklateo,Sorcerer's Rise - Fog Door,Sorcerer's Rise - Windy Trees,Township - Township,Small Camp - Guilty,Church - Normal,,Church - Normal,Small Camp - Demi-Humans,,,Church - Normal
118,Gnoster,Noklateo,Church - Normal,Small Camp - Shack,Sorcerer's Rise - Windy Trees,Church - Normal,Sorcerer's Rise - Withered Trees,,Small Camp - Soldiers,Small Camp - Caravans,,,Church - Normal
119,Gnoster,Noklateo,Church - Normal,Church - Normal,Small Camp - Soldiers,Sorcerer's Rise - Windy Trees,Small Camp - Caravans,,Sorcerer's Rise - Imp Statue,Church - Normal,,,Small Camp - Demi-Humans
120,Maris,Default,Small Camp - Soldiers,Sorcerer's Rise - Pool Reflection,Church - Normal,Small Camp - Dogs,Small Camp - Caravans,Church - Normal,Small Camp - Soldiers,Sorcerer's Rise - Unlit Candle,Small Camp - Dogs,Church - Normal,Small Camp - Nobles and Soldiers
121,Maris,Default,Church - Rats,Sorcerer's Rise - Windy Trees,Church - Normal,Sorcerer's Rise - Missing Statue,Small Camp - Dogs and Soldiers,Church - Normal,Small Camp - Caravans,Sorcerer's Rise - Withered Trees,Small Camp - Dogs,Church - Normal,Small Camp - Caravans
122,Maris,Default,Sorcerer's Rise - Unlit Candle,Small Camp - Dogs and Soldiers,Sorcerer's Rise - Pool Reflection,Church - Normal,Small Camp - Dogs,Small Camp - Dogs and Soldiers,Small Camp - Dogs,Small Camp - Caravans,Church - Normal,Church - Normal,Church - Rats
123,Maris,Default,Church - Normal,Church - Normal,Sorcerer's Rise - Above Door,Small Camp - Caravans,Small Camp - Caravans,Township - Township,Small Camp - Soldiers,Sorcerer's Rise - Unlit Candle,Church - Rats,Church - Normal,Small Camp - Guilty
124,Maris,Default,Small Camp - Dogs and Soldiers,Township - Township,Small Camp - Guilty,Sorcerer's Rise - Above Door,Church - Normal,Sorcerer's Rise - Withered Trees,Small Camp - Wandering Nobles,Church - Normal,Sorcerer's Rise - Fake Building,Small Camp - Caravans,Church - Normal
125,Maris,Default,Small Camp - Caravans,Church - Normal,Small Camp - Misbegotten,Small Camp - Caravans,Sorcerer's Rise - Imp Statue,Small Camp - Dogs,Church - Normal,Small Camp - Dogs,Small Camp - Demi-Humans,Sorcerer's Rise - Fog Door,Church - Normal
126,Maris,Default,Sorcerer's Rise - Above Door,Church - Normal,Small Camp - Misbegotten,Church - Normal,Small Camp - Caravans,Small Camp - Soldiers,Sorcerer's Rise - Fake Building,Church - Normal,Small Camp - Soldiers,Small Camp - Caravans,Small Camp - Demi-Humans
127,Maris,Default,Small Camp - Soldiers,Church - Normal,Small Camp - Guilty,Small Camp - Caravans,Small Camp - Rats and Demi-Humans,Sorcerer's Rise - Missing Statue,Church - Normal,Church - Normal,Sorcerer's Rise - Pool Reflection,Township - Township,Small Camp - Caravans
128,Maris,Default,Small Camp - Misbegotten,Church - Normal,Small Camp - Caravans,Small Camp - Misbegotten,Sorcerer's Rise - Pool Reflection,Small Camp - Wandering Nobles,Sorcerer's Rise - Fake Building,Church - Normal,Small Camp - Dogs and Soldiers,Church - Normal,Small Camp - Dogs and Soldiers
129,Maris,Default,Sorcerer's Rise - Unlit Candle,Small Camp - Nobles and Soldiers,Church - Normal,Small Camp - Caravans,Small Camp - Guilty,Church - Normal,Small Camp - Misbegotten,Small Camp - Caravans,Sorcerer's Rise - Imp Statue,Church - Normal,Sorcerer's Rise - Above Door
130,Maris,Default,Church - Normal,Small Camp - Caravans,Small Camp - Dogs and Soldiers,Small Camp - Dogs and Soldiers,Small Camp - Dogs,Township - Township,Church - Normal,Small Camp - Nobles and Soldiers,Sorcerer's Rise - Above Door,Church - Normal,Small Camp - Caravans
131,Maris,Default,Church - Normal,Small Camp - Dogs and Soldiers,Church - Rats,Small Camp - Caravans,Sorcerer's Rise - Fog Door,Sorcerer's Rise - Withered Trees,Township - Township,Church - Normal,Small Camp - Dogs,Church - Normal,Sorcerer's Rise - Windy Trees
132,Maris,Default,Church - Normal,Small Camp - Nobles and Soldiers,Small Camp - Misbegotten,Small Camp - Misbegotten,Sorcerer's Rise - Pool Reflection,Sorcerer's Rise - Withered Trees,Sorcerer's Rise - Fleeing Stump,Church - Normal,Small Camp - Caravans,Small Camp - Dogs,Church - Normal
133,Maris,Default,Small Camp - Nobles and Soldiers,Small Camp - Caravans,Church - Normal,Small Camp - Caravans,Sorcerer's Rise - Imp Statue,Church - Normal,Small Camp - Soldiers,Small Camp - Dogs,Small Camp - Dogs,Church - Normal,Sorcerer's Rise - Fleeing Stump
134,Maris,Default,Church - Normal,Small Camp - Misbegotten,Small Camp - Guilty,Small Camp - Guilty,Church - Normal,Church - Normal,Small Camp - Guilty,Township - Township,Small Camp - Caravans and Nobles,Sorcerer's Rise - Pool Reflection,Small Camp - Caravans
135,Maris,Default,Church - Normal,Small Camp - Nobles and Soldiers,Small Camp - Misbegotten,Small Camp - Misbegotten,Small Camp - Guilty,Church - Normal,Sorcerer's Rise - Windy Trees,Church - Normal,Small Camp - Caravans,Sorcerer's Rise - Missing Statue,Small Camp - Caravans
136,Maris,Default,Small Camp - Caravans and Nobles,Small Camp - Misbegotten,Sorcerer's Rise - Fake Building,Small Camp - Misbegotten,Small Camp - Dogs,Small Camp - Caravans,Small Camp - Dogs,Church - Normal,Church - Normal,Church - Normal,Small Camp - Dogs
137,Maris,Default,Small Camp - Soldiers,Church - Normal,Small Camp - Demi-Humans,Small Camp - Guilty,Small Camp - Guilty,Sorcerer's Rise - Windy Trees,Church - Normal,Sorcerer's Rise - Fleeing Stump,Small Camp - Caravans,Church - Normal,Small Camp - Caravans
138,Maris,Default,Church - Normal,Small Camp - Dogs and Soldiers,Small Camp - Dogs and Soldiers,Small Camp - Caravans,Small Camp - Caravans,Church - Normal,Small Camp - Soldiers,Church - Normal,Small Camp - Rats and Demi-Humans,Sorcerer's Rise - Above Door,Small Camp - Soldiers
139,Maris,Default,Church - Normal,Sorcerer's Rise - Imp Statue,Small Camp - Soldiers,Church - Normal,Church - Normal,Small Camp - Guilty,Small Camp - Shack,Sorcerer's Rise - Fleeing Stump,Small Camp - Caravans,Small Camp - Soldiers,Small Camp - Caravans
140,Maris,Mountaintop,Sorcerer's Rise - Withered Trees,,Small Camp - Caravans,Church - Normal,,Church - Normal,Sorcerer's Rise - Missing Statue,Small Camp - Dogs,Small Camp - Rats and Demi-Humans,Church - Normal,Small Camp - Dogs and Soldiers
141,Maris,Mountaintop,Small Camp - Soldiers,,Sorcerer's Rise - Windy Trees,Small Camp - Misbegotten,,Small Camp - Caravans,Church - Normal,Church - Normal,Church - Normal,Sorcerer's Rise - Fleeing Stump,Small Camp - Shack
142,Maris,Mountaintop,Church - Normal,,Sorcerer's Rise - Missing Statue,Sorcerer's Rise - Above Door,,Township - Township,Small Camp - Misbegotten,Church - Normal,Small Camp - Wandering Nobles,Church - Normal,Small Camp - Guilty
143,Maris,Mountaintop,Church - Normal,,Small Camp - Dogs,Small Camp - Dogs,,Church - Normal,Small Camp - Dogs,Church - Normal,Sorcerer's Rise - Fake Building,Small Camp - Dogs and Soldiers,Small Camp - Foot Soldiers
144,Maris,Mountaintop,Sorcerer's Rise - Withered Trees,,Small Camp - Dogs and Soldiers,Small Camp - Soldiers,,Church - Normal,Small Camp - Demi-Humans,Church - Normal,Small Camp - Soldiers,Church - Normal,Small Camp - Dogs and Soldiers
145,Maris,Crater,,Small Camp - Rats and Demi-Humans,Sorcerer's Rise - Fake Building,Church - Normal,,Church - Normal,Small Camp - Misbegotten,Small Camp - Dogs,Small Camp - Dogs,Small Camp - Caravans,Church - Normal
146,Maris,Crater,,Church - Normal,Sorcerer's Rise - Unlit Candle,Small Camp - Guilty,,Sorcerer's Rise - Missing Statue,,Small Camp - Soldiers,Church - Normal,Church - Normal,Small Camp - Demi-Humans
147,Maris,Crater,,Church - Normal,Township - Township,Sorcerer's Rise - Fog Door,,Small Camp - Soldiers,Church - Normal,Small Camp - Wandering Nobles,Small Camp - Dogs and Soldiers,Church - Normal,Small Camp - Dogs and Soldiers
148,Maris,Crater,,Church - Normal,Small Camp - Caravans and Nobles,Small Camp - Dogs,,Small Camp - Guilty,Church - Normal,Small Camp - Guilty,Small Camp - Dogs,Sorcerer's Rise - Imp Statue,Church - Normal
149,Maris,Crater,,Small Camp - Dogs and Soldiers,Sorcerer's Rise - Windy Trees,Church - Normal,,Church - Normal,Sorcerer's Rise - Withered Trees,Small Camp - Caravans and Nobles,Small Camp - Guilty,Township - Township,Church - Normal
150,Maris,Rotted Woods,Church - Normal,Church - Normal,Small Camp - Misbegotten,Sorcerer's Rise - Unlit Candle,Small Camp - Guilty,Small Camp - Misbegotten,,,Church - Rats,Church - Normal,
151,Maris,Rotted Woods,Church - Normal,Small Camp - Foot Soldiers,Sorcerer's Rise - Above Door,Small Camp - Misbegotten,Small Camp - Soldiers,Small Camp - Caravans,,,Church - Normal,Church - Normal,
152,Maris,Rotted Woods,Church - Normal,Sorcerer's Rise - Withered Trees,Small Camp - Misbegotten,Church - Normal,Church - Normal,Sorcerer's Rise - Unlit Candle,,,Small Camp - Demi-Humans,Township - Township,
153,Maris,Rotted Woods,Sorcerer's Rise - Fake Building,Church - Normal,Church - Rats,Sorcerer's Rise - Fog Door,Small Camp - Dogs and Soldiers,Township - Township,,,Church - Normal,Church - Normal,
154,Maris,Rotted Woods,Sorcerer's Rise - Fake Building,Church - Normal,Church - Normal,Small Camp - Dogs,Small Camp - Guilty,Small Camp - Foot Soldiers,,,Church - Normal,Township - Township,
155,Maris,Noklateo,Small Camp - Caravans,Small Camp - Foot Soldiers,Church - Normal,Sorcerer's Rise - Unlit Candle,Church - Normal,,Small Camp - Dogs and Soldiers,Sorcerer's Rise - Fleeing Stump,,,Church - Normal
156,Maris,Noklateo,Church - Normal,Church - Normal,Church - Normal,Small Camp - Guilty,Small Camp - Shack,,Sorcerer's Rise - Fog Door,Small Camp - Caravans,,,Sorcerer's Rise - Unlit Candle
157,Maris,Noklateo,Church - Normal,Small Camp - Soldiers,Church - Normal,Sorcerer's Rise - Above Door,Church - Normal,,Small Camp - Caravans,Township - Township,,,Small Camp - Demi-Humans
158,Maris,Noklateo,Church - Rats,Small Camp - Caravans,Church - Normal,Sorcerer's Rise - Fog Door,Church - Normal,,Sorcerer's Rise - Above Door,Small Camp - Dogs and Soldiers,,,Church - Normal
159,Maris,Noklateo,Church - Normal,Small Camp - Rats and Demi-Humans,Small Camp - Soldiers,Small Camp - Guilty,Church - Normal,,Church - Normal,Township - Township,,,Sorcerer's Rise - Missing Statue
160,Libra,Default,Church - Normal,Church - Normal,Small Camp - Soldiers,"Difficult Sorcerer's Rise - Imp Statue, Windy Trees, Second Floor",Small Camp - Dogs,Small Camp - Shack,Small Camp - Dogs,Small Camp - Caravans,Church - Normal,Small Camp - Caravans,Sorcerer's Rise - Pool Reflection
161,Libra,Default,Church - Normal,Small Camp - Caravans,Small Camp - Caravans,Sorcerer's Rise - Imp Statue,Small Camp - Misbegotten,Small Camp - Shack,Church - Normal,Church - Normal,Sorcerer's Rise - Unlit Candle,Sorcerer's Rise - Withered Trees,Small Camp - Dogs and Soldiers
162,Libra,Default,Sorcerer's Rise - Fake Building,Church - Normal,Small Camp - Dogs and Soldiers,Small Camp - Guilty,Small Camp - Caravans,Small Camp - Dogs and Soldiers,Small Camp - Guilty,Church - Normal,Small Camp - Wandering Nobles,Church - Normal,Small Camp - Guilty
163,Libra,Default,Small Camp - Guilty,Small Camp - Caravans,Small Camp - Caravans,Sorcerer's Rise - Pool Reflection,Church - Normal,Church - Normal,Small Camp - Guilty,Sorcerer's Rise - Fleeing Stump,Small Camp - Soldiers,Church - Normal,Small Camp - Caravans and Nobles
164,Libra,Default,Small Camp - Dogs,Small Camp - Guilty,Small Camp - Guilty,Small Camp - Caravans,Church - Normal,Small Camp - Caravans and Nobles,Small Camp - Dogs,Sorcerer's Rise - Above Door,Church - Normal,Church - Normal,Sorcerer's Rise - Fake Building
165,Libra,Default,Church - Normal,Church - Normal,Small Camp - Guilty,Sorcerer's Rise - Fog Door,Small Camp - Caravans,Sorcerer's Rise - Fake Building,Church - Normal,Small Camp - Nobles and Soldiers,Small Camp - Guilty,Small Camp - Dogs and Soldiers,Sorcerer's Rise - Missing Statue
166,Libra,Default,Small Camp - Dogs and Soldiers,Church - Rats,Small Camp - Dogs,Sorcerer's Rise - Missing Statue,Church - Normal,Small Camp - Dogs and Soldiers,Small Camp - Caravans,Township - Township,Church - Normal,Church - Normal,Small Camp - Caravans
167,Libra,Default,Township - Township,Small Camp - Guilty,Sorcerer's Rise - Pool Reflection,Small Camp - Misbegotten,Church - Normal,Small Camp - Caravans,Small Camp - Wandering Nobles,Church - Normal,Church - Normal,Sorcerer's Rise - Imp Statue,Sorcerer's Rise - Missing Statue
168,Libra,Default,Church - Normal,Small Camp - Dogs,Church - Normal,Small Camp - Caravans,Small Camp - Caravans,Church - Normal,Sorcerer's Rise - Above Door,Sorcerer's Rise - Imp Statue,Small Camp - Foot Soldiers,Sorcerer's Rise - Pool Reflection,Small Camp - Guilty
169,Libra,Default,Small Camp - Misbegotten,Sorcerer's Rise - Fake Building,Church - Normal,Township - Township,Small Camp - Wandering Nobles,Church - Normal,Small Camp - Misbegotten,Sorcerer's Rise - Above Door,Small Camp - Caravans,Church - Normal,Small Camp - Guilty
170,Libra,Default,Small Camp - Wandering Nobles,Sorcerer's Rise - Fog Door,Church - Normal,Sorcerer's Rise - Fleeing Stump,Church - Normal,Church - Normal,Small Camp - Dogs and Soldiers,Small Camp - Caravans,Small Camp - Soldiers,Small Camp - Caravans,Small Camp - Dogs and Soldiers
171,Libra,Default,Sorcerer's Rise - Pool Reflection,Small Camp - Misbegotten,Small Camp - Dogs and Soldiers,Church - Normal,Township - Township,Sorcerer's Rise - Imp Statue,Small Camp - Caravans,Church - Normal,Church - Normal,Sorcerer's Rise - Windy Trees,Small Camp - Rats and Demi-Humans
172,Libra,Default,Small Camp - Foot Soldiers,Small Camp - Caravans,Sorcerer's Rise - Unlit Candle,Church - Normal,Church - Normal,Small Camp - Dogs,Sorcerer's Rise - Fleeing Stump,Church - Normal,Small Camp - Soldiers,Sorcerer's Rise - Missing Statue,Small Camp - Dogs
173,Libra,Default,Small Camp - Guilty,Church - Normal,Sorcerer's Rise - Fleeing Stump,Church - Normal,Small Camp - Guilty,Sorcerer's Rise - Fog Door,Small Camp - Caravans,Church - Rats,Church - Normal,Small Camp - Dogs and Soldiers,Small Camp - Dogs and Soldiers
174,Libra,Default,"Difficult Sorcerer's Rise - Fake Building, Pool Reflection, Second Floor",Small Camp - Caravans,Church - Normal,Small Camp - Dogs,Church - Normal,Small Camp - Caravans,Small Camp - Shack,Sorcerer's Rise - Withered Trees,Township - Township,Church - Normal,Small Camp - Dogs and Soldiers
175,Libra,Default,Small Camp - Dogs,Sorcerer's Rise - Pool Reflection,Church - Normal,Small Camp - Dogs and Soldiers,Church - Normal,Small Camp - Dogs,Small Camp - Dogs and Soldiers,Small Camp - Shack,Small Camp - Caravans,Small Camp - Dogs,Church - Normal
176,Libra,Default,Church - Normal,Small Camp - Soldiers,Small Camp - Shack,Sorcerer's Rise - Withered Trees,Township - Township,Church - Normal,Small Camp - Misbegotten,Church - Normal,Small Camp - Misbegotten,Sorcerer's Rise - Pool Reflection,Small Camp - Caravans
177,Libra,Default,Small Camp - Dogs,Church - Normal,Sorcerer's Rise - Fleeing Stump,Township - Township,Small Camp - Rats and Demi-Humans,Sorcerer's Rise - Fake Building,Small Camp - Guilty,Church - Normal,Sorcerer's Rise - Windy Trees,Church - Normal,Small Camp - Caravans
178,Libra,Default,Small Camp - Caravans,Small Camp - Dogs,Church - Normal,Sorcerer's Rise - Imp Statue,Small Camp - Demi-Humans,Church - Normal,Township - Township,Church - Normal,Sorcerer's Rise - Fog Door,Sorcerer's Rise - Withered Trees,Small Camp - Guilty
179,Libra,Default,Sorcerer's Rise - Above Door,Church - Normal,Small Camp - Dogs and Soldiers,Sorcerer's Rise - Fleeing Stump,Small Camp - Wandering Nobles,Small Camp - Soldiers,Church - Normal,Church - Normal,Small Camp - Caravans,Small Camp - Caravans,Sorcerer's Rise - Windy Trees
180,Libra,Mountaintop,Church - Normal,,Small Camp - Nobles and Soldiers,Small Camp - Dogs,,Sorcerer's Rise - Fog Door,Church - Normal,Small Camp - Caravans,Sorcerer's Rise - Fake Building,Church - Normal,Small Camp - Soldiers
181,Libra,Mountaintop,Church - Normal,,Small Camp - Foot Soldiers,Township - Township,,Sorcerer's Rise - Missing Statue,Church - Normal,Sorcerer's Rise - Above Door,Small Camp - Misbegotten,Church - Normal,Small Camp - Dogs and Soldiers
182,Libra,Mountaintop,Small Camp - Misbegotten,,Small Camp - Demi-Humans,Church - Normal,,Church - Normal,Small Camp - Soldiers,Church - Normal,Small Camp - Misbegotten,Sorcerer's Rise - Imp Statue,Small Camp - Misbegotten
183,Libra,Mountaintop,Church - Normal,,Small Camp - Guilty,Sorcerer's Rise - Fleeing Stump,,Small Camp - Dogs,Small Camp - Rats and Demi-Humans,Church - Normal,Church - Normal,Sorcerer's Rise - Imp Statue,Small Camp - Guilty
184,Libra,Mountaintop,Church - Normal,,Small Camp - Shack,Sorcerer's Rise - Windy Trees,,Small Camp - Dogs and Soldiers,Small Camp - Dogs,Church - Normal,Small Camp - Dogs,Small Camp - Dogs,Church - Normal
185,Libra,Crater,,Church - Normal,Small Camp - Dogs and Soldiers,Small Camp - Caravans,,Small Camp - Dogs,Small Camp - Demi-Humans,Township - Township,Church - Normal,Church - Normal,Sorcerer's Rise - Missing Statue
186,Libra,Crater,,Church - Normal,Sorcerer's Rise - Withered Trees,Small Camp - Misbegotten,,Small Camp - Dogs and Soldiers,Small Camp - Dogs and Soldiers,Church - Normal,Sorcerer's Rise - Pool Reflection,Church - Normal,Church - Rats
187,Libra,Crater,,Small Camp - Misbegotten,Small Camp - Soldiers,Church - Normal,,Small Camp - Caravans,Sorcerer's Rise - Fake Building,Township - Township,Church - Normal,Church - Normal,Small Camp - Foot Soldiers
188,Libra,Crater,,Small Camp - Guilty,Small Camp - Dogs and Soldiers,"Difficult Sorcerer's Rise - Above Door, Teleporting Trees, Missing Statue",,Church - Normal,Church - Normal,Small Camp - Rats and Demi-Humans,Sorcerer's Rise - Missing Statue,Township - Township,Church - Normal
189,Libra,Crater,,Small Camp - Caravans,Sorcerer's Rise - Above Door,Church - Normal,,Small Camp - Wandering Nobles,Sorcerer's Rise - Withered Trees,Small Camp - Misbegotten,Church - Normal,Church - Normal,Small Camp - Soldiers
190,Libra,Rotted Woods,Small Camp - Guilty,Township - Township,Church - Normal,Small Camp - Dogs and Soldiers,Sorcerer's Rise - Withered Trees,Church - Normal,,,Small Camp - Caravans and Nobles,Church - Normal,
191,Libra,Rotted Woods,Church - Normal,Small Camp - Soldiers,Church - Normal,"Difficult Sorcerer's Rise - Imp Statue, Teleporting Trees, Fleeing Stump",Church - Normal,Sorcerer's Rise - Pool Reflection,,,Small Camp - Shack,Township - Township,
192,Libra,Rotted Woods,Small Camp - Foot Soldiers,Sorcerer's Rise - Fake Building,Church - Normal,Small Camp - Soldiers,Small Camp - Soldiers,Small Camp - Dogs and Soldiers,,,Church - Normal,Church - Normal,
193,Libra,Rotted Woods,Small Camp - Misbegotten,Small Camp - Foot Soldiers,Township - Township,Church - Normal,Sorcerer's Rise - Fake Building,Church - Normal,,,Small Camp - Guilty,Church - Normal,
194,Libra,Rotted Woods,Church - Normal,Church - Normal,Small Camp - Demi-Humans,Small Camp - Soldiers,Sorcerer's Rise - Fog Door,Sorcerer's Rise - Above Door,,,Small Camp - Dogs,Church - Normal,
195,Libra,Noklateo,Sorcerer's Rise - Fake Building,Church - Normal,Small Camp - Rats and Demi-Humans,Church - Normal,Small Camp - Misbegotten,,Township - Township,Small Camp - Caravans,,,Church - Normal
196,Libra,Noklateo,Small Camp - Guilty,Church - Normal,Sorcerer's Rise - Withered Trees,Church - Normal,Small Camp - Caravans,,Small Camp - Dogs,Small Camp - Rats and Demi-Humans,,,Church - Normal
197,Libra,Noklateo,Sorcerer's Rise - Above Door,Church - Rats,Church - Normal,Small Camp - Dogs,Church - Normal,,Small Camp - Dogs and Soldiers,Sorcerer's Rise - Missing Statue,,,Church - Normal
198,Libra,Noklateo,Church - Normal,Church - Normal,Small Camp - Soldiers,Township - Township,Sorcerer's Rise - Above Door,,Church - Normal,Small Camp - Caravans,,,Small Camp - Shack
199,Libra,Noklateo,Church - Normal,Small Camp - Dogs and Soldiers,Township - Township,Church - Normal,Church - Rats,,Sorcerer's Rise - Windy Trees,Church - Normal,,,Small Camp - Dogs
200,Fulghor,Default,Small Camp - Soldiers,Small Camp - Guilty,Small Camp - Caravans,Church - Normal,Small Camp - Caravans,Sorcerer's Rise - Missing Statue,Small Camp - Guilty,Township - Township,Church - Normal,Church - Normal,Small Camp - Demi-Humans
201,Fulghor,Default,Church - Normal,Sorcerer's Rise - Missing Statue,Sorcerer's Rise - Windy Trees,Church - Normal,Small Camp - Shack,Small Camp - Soldiers,Small Camp - Dogs,Church - Normal,Small Camp - Caravans,Sorcerer's Rise - Withered Trees,Small Camp - Dogs
202,Fulghor,Default,Sorcerer's Rise - Imp Statue,Church - Normal,Sorcerer's Rise - Withered Trees,Small Camp - Misbegotten,Small Camp - Shack,Sorcerer's Rise - Fake Building,Small Camp - Soldiers,Church - Normal,Small Camp - Misbegotten,Church - Normal,Small Camp - Caravans
203,Fulghor,Default,Church - Normal,Small Camp - Dogs,Sorcerer's Rise - Fleeing Stump,Small Camp - Caravans,Church - Normal,Church - Normal,Sorcerer's Rise - Unlit Candle,Small Camp - Guilty,Small Camp - Foot Soldiers,Sorcerer's Rise - Fake Building,Township - Township
204,Fulghor,Default,Church - Normal,Township - Township,Sorcerer's Rise - Pool Reflection,Church - Normal,Church - Normal,Small Camp - Caravans,Small Camp - Soldiers,Small Camp - Soldiers,Small Camp - Guilty,Small Camp - Guilty,Small Camp - Nobles and Soldiers
205,Fulghor,Default,Township - Township,Small Camp - Shack,Small Camp - Caravans,Sorcerer's Rise - Missing Statue,Church - Normal,Church - Normal,Small Camp - Dogs and Soldiers,Sorcerer's Rise - Unlit Candle,Small Camp - Dogs,Church - Normal,Small Camp - Caravans
206,Fulghor,Default,Church - Normal,Small Camp - Caravans,Small Camp - Guilty,Church - Normal,Church - Normal,Small Camp - Guilty,Small Camp - Caravans,Sorcerer's Rise - Missing Statue,Small Camp - Rats and Demi-Humans,Township - Township,Small Camp - Dogs and Soldiers
207,Fulghor,Default,Church - Normal,Small Camp - Guilty,Small Camp - Dogs and Soldiers,Small Camp - Caravans,Church - Normal,Small Camp - Caravans and Nobles,Sorcerer's Rise - Withered Trees,Small Camp - Guilty,Sorcerer's Rise - Pool Reflection,Church - Normal,Sorcerer's Rise - Fake Building
208,Fulghor,Default,Small Camp - Guilty,Church - Normal,Small Camp - Demi-Humans,Small Camp - Guilty,Small Camp - Caravans,Small Camp - Dogs and Soldiers,Small Camp - Caravans,Sorcerer's Rise - Unlit Candle,Church - Normal,Sorcerer's Rise - Fog Door,Church - Normal
209,Fulghor,Default,Church - Normal,Small Camp - Caravans,Small Camp - Demi-Humans,Small Camp - Caravans,Small Camp - Misbegotten,Small Camp - Dogs and Soldiers,Sorcerer's Rise - Pool Reflection,Church - Normal,Church - Normal,Small Camp - Misbegotten,Small Camp - Misbegotten
210,Fulghor,Default,Church - Normal,Small Camp - Caravans and Nobles,Church - Normal,Small Camp - Caravans,Small Camp - Guilty,Sorcerer's Rise - Pool Reflection,Small Camp - Dogs,Township - Township,Small Camp - Dogs,Church - Normal,Small Camp - Dogs
211,Fulghor,Default,Small Camp - Caravans,Church - Normal,Small Camp - Caravans,Church - Normal,Sorcerer's Rise - Withered Trees,Sorcerer's Rise - Missing Statue,Small Camp - Soldiers,Small Camp - Misbegotten,Small Camp - Caravans and Nobles,Church - Normal,Small Camp - Misbegotten
212,Fulghor,Default,Small Camp - Wandering Nobles,Sorcerer's Rise - Fleeing Stump,Township - Township,Small Camp - Dogs,Church - Normal,Small Camp - Caravans,Church - Normal,Small Camp - Soldiers,Small Camp - Caravans,Sorcerer's Rise - Pool Reflection,Church - Normal
213,Fulghor,Default,Small Camp - Guilty,Small Camp - Guilty,Small Camp - Guilty,Church - Normal,Sorcerer's Rise - Pool Reflection,Church - Normal,Small Camp - Foot Soldiers,Small Camp - Soldiers,Small Camp - Soldiers,Church - Normal,Small Camp - Caravans
214,Fulghor,Default,Church - Normal,Church - Normal,Church - Normal,Small Camp - Caravans,Sorcerer's Rise - Imp Statue,Church - Rats,Sorcerer's Rise - Windy Trees,Small Camp - Dogs and Soldiers,Sorcerer's Rise - Fleeing Stump,Township - Township,Small Camp - Dogs
215,Fulghor,Default,Small Camp - Caravans,Small Camp - Dogs and Soldiers,Church - Normal,Small Camp - Dogs and Soldiers,Church - Normal,Sorcerer's Rise - Unlit Candle,Church - Rats,Small Camp - Dogs and Soldiers,Church - Normal,Small Camp - Misbegotten,Small Camp - Caravans
216,Fulghor,Default,Church - Normal,Small Camp - Dogs,Sorcerer's Rise - Fleeing Stump,Church - Normal,Small Camp - Caravans,Small Camp - Dogs,Small Camp - Guilty,Small Camp - Guilty,Small Camp - Guilty,Church - Normal,Small Camp - Rats and Demi-Humans
217,Fulghor,Default,Small Camp - Misbegotten,Church - Normal,Small Camp - Shack,Sorcerer's Rise - Fleeing Stump,Small Camp - Dogs and Soldiers,Sorcerer's Rise - Fog Door,Small Camp - Caravans,Church - Normal,Church - Normal,Small Camp - Dogs and Soldiers,Sorcerer's Rise - Withered Trees
218,Fulghor,Default,Small Camp - Caravans,Small Camp - Misbegotten,Small Camp - Caravans,Small Camp - Soldiers,Church - Normal,Church - Normal,Sorcerer's Rise - Unlit Candle,Sorcerer's Rise - Missing Statue,Church - Rats,Church - Normal,Sorcerer's Rise - Fog Door
219,Fulghor,Default,Church - Normal,Small Camp - Caravans,Small Camp - Dogs and Soldiers,Church - Normal,Small Camp - Misbegotten,Sorcerer's Rise - Unlit Candle,Sorcerer's Rise - Missing Statue,Church - Normal,Small Camp - Misbegotten,Small Camp - Caravans,Church - Rats
220,Fulghor,Mountaintop,Small Camp - Wandering Nobles,,Small Camp - Dogs,Small Camp - Dogs,,Small Camp - Soldiers,Sorcerer's Rise - Fleeing Stump,Church - Normal,Church - Normal,Church - Normal,Sorcerer's Rise - Withered Trees
221,Fulghor,Mountaintop,Small Camp - Guilty,,Township - Township,Church - Normal,,Small Camp - Misbegotten,Small Camp - Demi-Humans,Church - Normal,Small Camp - Misbegotten,Church - Normal,Sorcerer's Rise - Withered Trees
222,Fulghor,Mountaintop,Small Camp - Guilty,,Church - Normal,Small Camp - Soldiers,,Small Camp - Soldiers,Small Camp - Nobles and Soldiers,Small Camp - Caravans,Church - Normal,Sorcerer's Rise - Imp Statue,Church - Normal
223,Fulghor,Mountaintop,Sorcerer's Rise - Fake Building,,Church - Normal,Small Camp - Dogs,,,Small Camp - Wandering Nobles,Small Camp - Soldiers,Church - Normal,Church - Normal,Sorcerer's Rise - Unlit Candle
224,Fulghor,Mountaintop,Church - Normal,,Small Camp - Guilty,Sorcerer's Rise - Imp Statue,,Church - Rats,Church - Normal,Small Camp - Caravans,Sorcerer's Rise - Above Door,Church - Normal,Small Camp - Dogs
225,Fulghor,Crater,,Small Camp - Guilty,Small Camp - Guilty,Church - Normal,,Sorcerer's Rise - Windy Trees,Small Camp - Dogs and Soldiers,Church - Normal,Small Camp - Rats and Demi-Humans,Small Camp - Guilty,Church - Normal
226,Fulghor,Crater,,Small Camp - Rats and Demi-Humans,Church - Normal,Small Camp - Misbegotten,,Township - Township,Sorcerer's Rise - Above Door,Small Camp - Caravans,Church - Normal,Small Camp - Guilty,Church - Normal
227,Fulghor,Crater,,Small Camp - Caravans,Church - Normal,Small Camp - Misbegotten,,Church - Rats,Sorcerer's Rise - Fleeing Stump,Small Camp - Soldiers,Church - Normal,Church - Normal,Township - Township
228,Fulghor,Crater,,Small Camp - Caravans,Church - Normal,Sorcerer's Rise - Fake Building,,Church - Normal,Small Camp - Soldiers,Small Camp - Dogs,Small Camp - Demi-Humans,Church - Normal,Small Camp - Dogs
229,Fulghor,Crater,,Small Camp - Soldiers,Small Camp - Foot Soldiers,Small Camp - Dogs,,Sorcerer's Rise - Withered Trees,Church - Normal,Small Camp - Dogs,Church - Normal,Sorcerer's Rise - Pool Reflection,Church - Normal
230,Fulghor,Rotted Woods,Church - Normal,Township - Township,Small Camp - Guilty,Sorcerer's Rise - Withered Trees,Church - Normal,Small Camp - Wandering Nobles,,,Sorcerer's Rise - Windy Trees,Church - Normal,
231,Fulghor,Rotted Woods,Small Camp - Dogs,Church - Normal,Small Camp - Guilty,Church - Normal,Small Camp - Wandering Nobles,Sorcerer's Rise - Fleeing Stump,,,Church - Normal,Sorcerer's Rise - Pool Reflection,
232,Fulghor,Rotted Woods,Township - Township,Small Camp - Misbegotten,Small Camp - Rats and Demi-Humans,Church - Normal,Church - Normal,Church - Normal,,,Small Camp - Guilty,Sorcerer's Rise - Unlit Candle,
233,Fulghor,Rotted Woods,Small Camp - Rats and Demi-Humans,Sorcerer's Rise - Above Door,Small Camp - Caravans,Church - Normal,Church - Normal,Sorcerer's Rise - Unlit Candle,,,Church - Normal,Small Camp - Dogs and Soldiers,
234,Fulghor,Rotted Woods,Church - Normal,Small Camp - Caravans,Township - Township,Sorcerer's Rise - Above Door,Church - Normal,Small Camp - Caravans and Nobles,,,Church - Normal,Small Camp - Guilty,
235,Fulghor,Noklateo,Church - Normal,Church - Normal,Sorcerer's Rise - Pool Reflection,Small Camp - Caravans,Township - Township,,Small Camp - Dogs,Small Camp - Foot Soldiers,,,Church - Normal
236,Fulghor,Noklateo,Church - Normal,Small Camp - Rats and Demi-Humans,Sorcerer's Rise - Imp Statue,Church - Normal,Small Camp - Misbegotten,,Sorcerer's Rise - Fog Door,Church - Normal,,,Township - Township
237,Fulghor,Noklateo,Church - Normal,Small Camp - Foot Soldiers,Small Camp - Caravans,Church - Normal,Small Camp - Dogs and Soldiers,,Small Camp - Guilty,Sorcerer's Rise - Windy Trees,,,Church - Normal
238,Fulghor,Noklateo,Church - Normal,Small Camp - Guilty,Small Camp - Caravans,Township - Township,Church - Normal,,Church - Normal,Small Camp - Rats and Demi-Humans,,,Sorcerer's Rise - Unlit Candle
239,Fulghor,Noklateo,Church - Normal,Church - Normal,Township - Township,Sorcerer's Rise - Pool Reflection,Small Camp - Soldiers,,Small Camp - Dogs and Soldiers,Small Camp - Shack,,,Church - Normal
240,Caligo,Default,Small Camp - Wandering Nobles,Township - Township,Small Camp - Caravans,Small Camp - Dogs and Soldiers,Small Camp - Dogs and Soldiers,Church - Normal,Small Camp - Soldiers,Church - Normal,Small Camp - Soldiers,Sorcerer's Rise - Unlit Candle,Church - Normal
241,Caligo,Default,Church - Normal,Small Camp - Caravans,Small Camp - Caravans,Sorcerer's Rise - Imp Statue,Small Camp - Misbegotten,Sorcerer's Rise - Fake Building,Small Camp - Dogs and Soldiers,Church - Normal,Small Camp - Shack,Township - Township,Church - Normal
242,Caligo,Default,Church - Normal,Sorcerer's Rise - Fog Door,Small Camp - Caravans,Church - Normal,Small Camp - Soldiers,Small Camp - Wandering Nobles,Township - Township,Church - Normal,Sorcerer's Rise - Missing Statue,Small Camp - Caravans,Small Camp - Misbegotten
243,Caligo,Default,Small Camp - Caravans,Small Camp - Misbegotten,Church - Normal,Sorcerer's Rise - Fake Building,Church - Normal,Sorcerer's Rise - Fleeing Stump,Small Camp - Guilty,Small Camp - Guilty,Small Camp - Foot Soldiers,Church - Normal,Small Camp - Caravans
244,Caligo,Default,Small Camp - Soldiers,Small Camp - Dogs,Small Camp - Caravans,Small Camp - Soldiers,Church - Normal,Small Camp - Caravans,Church - Normal,Small Camp - Shack,Small Camp - Soldiers,Sorcerer's Rise - Fleeing Stump,Church - Normal
245,Caligo,Default,Sorcerer's Rise - Pool Reflection,Church - Normal,Small Camp - Caravans,Sorcerer's Rise - Fleeing Stump,Sorcerer's Rise - Fog Door,Small Camp - Soldiers,Church - Normal,Church - Normal,Church - Rats,Small Camp - Dogs and Soldiers,Small Camp - Soldiers
246,Caligo,Default,Church - Normal,Small Camp - Dogs,Small Camp - Soldiers,Small Camp - Soldiers,Sorcerer's Rise - Above Door,Small Camp - Soldiers,Church - Normal,Small Camp - Foot Soldiers,Small Camp - Caravans,Church - Normal,Township - Township
247,Caligo,Default,Small Camp - Soldiers,Church - Normal,Small Camp - Caravans,Small Camp - Dogs and Soldiers,Sorcerer's Rise - Fleeing Stump,Sorcerer's Rise - Unlit Candle,Church - Normal,Small Camp - Caravans and Nobles,Church - Normal,Small Camp - Soldiers,Small Camp - Caravans
248,Caligo,Default,Small Camp - Misbegotten,Church - Normal,Small Camp - Misbegotten,Sorcerer's Rise - Above Door,Township - Township,Small Camp - Guilty,Small Camp - Caravans,Church - Rats,Church - Normal,Sorcerer's Rise - Pool Reflection,Church - Normal
249,Caligo,Default,Church - Normal,Small Camp - Misbegotten,Small Camp - Shack,Small Camp - Misbegotten,Sorcerer's Rise - Above Door,Small Camp - Dogs,Sorcerer's Rise - Missing Statue,Small Camp - Caravans,Church - Normal,Church - Normal,Small Camp - Caravans
250,Caligo,Default,Small Camp - Dogs and Soldiers,Church - Normal,Sorcerer's Rise - Unlit Candle,Church - Normal,Sorcerer's Rise - Missing Statue,Small Camp - Caravans,Small Camp - Rats and Demi-Humans,Small Camp - Caravans,Church - Normal,Township - Township,Small Camp - Dogs
251,Caligo,Default,Church - Normal,Small Camp - Guilty,Small Camp - Dogs,Small Camp - Dogs,Small Camp - Guilty,Church - Normal,Small Camp - Foot Soldiers,Small Camp - Dogs,Small Camp - Caravans,Sorcerer's Rise - Fake Building,Church - Normal
252,Caligo,Default,Small Camp - Dogs and Soldiers,Small Camp - Guilty,Church - Normal,Small Camp - Caravans,Township - Township,Church - Normal,Small Camp - Wandering Nobles,Small Camp - Caravans,Sorcerer's Rise - Fog Door,Sorcerer's Rise - Windy Trees,Church - Normal
253,Caligo,Default,Small Camp - Dogs,Church - Normal,Church - Normal,Sorcerer's Rise - Missing Statue,Small Camp - Misbegotten,Small Camp - Foot Soldiers,Township - Township,Small Camp - Caravans,Small Camp - Caravans,Church - Normal,Sorcerer's Rise - Fleeing Stump
254,Caligo,Default,Sorcerer's Rise - Missing Statue,Small Camp - Rats and Demi-Humans,Small Camp - Caravans,Church - Normal,Small Camp - Dogs,Church - Normal,Sorcerer's Rise - Imp Statue,Church - Normal,Small Camp - Caravans,Small Camp - Soldiers,Sorcerer's Rise - Withered Trees
255,Caligo,Default,Small Camp - Shack,Sorcerer's Rise - Unlit Candle,Small Camp - Soldiers,Small Camp - Dogs,Church - Normal,Small Camp - Caravans,Church - Normal,Church - Normal,Small Camp - Soldiers,Sorcerer's Rise - Fog Door,Small Camp - Caravans
256,Caligo,Default,Church - Normal,Small Camp - Shack,Small Camp - Soldiers,Sorcerer's Rise - Above Door,Small Camp - Caravans,Township - Township,Small Camp - Soldiers,Church - Normal,Church - Normal,Small Camp - Misbegotten,Small Camp - Misbegotten
257,Caligo,Default,Small Camp - Dogs,Church - Normal,Small Camp - Caravans,Church - Normal,Small Camp - Dogs,Small Camp - Dogs,Sorcerer's Rise - Fog Door,Small Camp - Guilty,Small Camp - Guilty,Church - Normal,Small Camp - Wandering Nobles
258,Caligo,Default,Church - Normal,Church - Normal,Small Camp - Caravans,Sorcerer's Rise - Withered Trees,Small Camp - Foot Soldiers,Small Camp - Soldiers,Small Camp - Soldiers,Sorcerer's Rise - Windy Trees,Church - Normal,Small Camp - Dogs and Soldiers,Small Camp - Dogs and Soldiers
259,Caligo,Default,Small Camp - Misbegotten,Church - Normal,Small Camp - Misbegotten,Church - Normal,Small Camp - Foot Soldiers,Sorcerer's Rise - Withered Trees,Small Camp - Guilty,Small Camp - Guilty,Small Camp - Caravans,Township - Township,Church - Normal
260,Caligo,Mountaintop,Small Camp - Dogs,,Sorcerer's Rise - Fog Door,Small Camp - Soldiers,,Church - Normal,Small Camp - Demi-Humans,Church - Normal,Small Camp - Dogs,Small Camp - Soldiers,Church - Normal
261,Caligo,Mountaintop,Township - Township,,Sorcerer's Rise - Withered Trees,Small Camp - Soldiers,,Church - Normal,Church - Normal,Small Camp - Foot Soldiers,Small Camp - Dogs and Soldiers,Church - Normal,Sorcerer's Rise - Missing Statue
262,Caligo,Mountaintop,Small Camp - Nobles and Soldiers,,Church - Normal,Sorcerer's Rise - Fog Door,,Small Camp - Misbegotten,Small Camp - Guilty,Small Camp - Caravans,Church - Normal,Church - Normal,Small Camp - Guilty
263,Caligo,Mountaintop,Small Camp - Caravans,,Small Camp - Dogs and Soldiers,Church - Normal,,Church - Normal,Small Camp - Wandering Nobles,Township - Township,Sorcerer's Rise - Fake Building,Small Camp - Soldiers,Church - Normal
264,Caligo,Mountaintop,Small Camp - Dogs,,Small Camp - Caravans and Nobles,Church - Normal,,Sorcerer's Rise - Fleeing Stump,Small Camp - Dogs,Church - Normal,Small Camp - Soldiers,Small Camp - Soldiers,Church - Normal
265,Caligo,Crater,,Small Camp - Shack,Small Camp - Misbegotten,Church - Normal,,Church - Normal,Small Camp - Caravans,Church - Normal,Sorcerer's Rise - Fog Door,Sorcerer's Rise - Unlit Candle,Small Camp - Dogs
266,Caligo,Crater,,Small Camp - Dogs and Soldiers,Sorcerer's Rise - Fog Door,Township - Township,,Small Camp - Rats and Demi-Humans,Church - Normal,Church - Normal,Church - Normal,Small Camp - Dogs and Soldiers,Small Camp - Dogs
267,Caligo,Crater,,Church - Rats,Small Camp - Soldiers,Small Camp - Soldiers,,Sorcerer's Rise - Above Door,Church - Normal,Church - Normal,Small Camp - Guilty,Church - Normal,Sorcerer's Rise - Fleeing Stump
268,Caligo,Crater,,Township - Township,Church - Rats,Small Camp - Misbegotten,,Church - Normal,Church - Normal,Church - Normal,Small Camp - Caravans,Small Camp - Soldiers,Sorcerer's Rise - Fake Building
269,Caligo,Crater,,Small Camp - Nobles and Soldiers,Township - Township,Small Camp - Dogs and Soldiers,,Church - Normal,Church - Normal,Sorcerer's Rise - Above Door,Sorcerer's Rise - Pool Reflection,Church - Normal,Small Camp - Soldiers
270,Caligo,Rotted Woods,Sorcerer's Rise - Unlit Candle,Small Camp - Guilty,Church - Normal,Township - Township,Small Camp - Foot Soldiers,Church - Normal,,,Small Camp - Caravans,Church - Normal,
271,Caligo,Rotted Woods,Small Camp - Caravans,Church - Normal,Sorcerer's Rise - Missing Statue,Church - Normal,Sorcerer's Rise - Fake Building,Small Camp - Shack,,,Church - Normal,Small Camp - Dogs,
272,Caligo,Rotted Woods,Small Camp - Foot Soldiers,Small Camp - Misbegotten,Church - Normal,Small Camp - Caravans,Church - Normal,Church - Normal,,,Sorcerer's Rise - Fake Building,Sorcerer's Rise - Pool Reflection,
273,Caligo,Rotted Woods,Church - Normal,Church - Normal,Sorcerer's Rise - Pool Reflection,Church - Normal,Small Camp - Nobles and Soldiers,Small Camp - Misbegotten,,,Small Camp - Caravans,Sorcerer's Rise - Missing Statue,
274,Caligo,Rotted Woods,Church - Normal,Small Camp - Foot Soldiers,Small Camp - Guilty,Sorcerer's Rise - Windy Trees,Church - Normal,Small Camp - Guilty,,,Church - Normal,Small Camp - Misbegotten,
275,Caligo,Noklateo,Small Camp - Soldiers,Sorcerer's Rise - Withered Trees,Small Camp - Soldiers,Small Camp - Guilty,Church - Normal,,Church - Rats,Church - Normal,,,Church - Normal
276,Caligo,Noklateo,Church - Normal,Small Camp - Shack,Sorcerer's Rise - Imp Statue,Small Camp - Dogs and Soldiers,Church - Normal,,Church - Normal,Small Camp - Guilty,,,Small Camp - Dogs and Soldiers
277,Caligo,Noklateo,Sorcerer's Rise - Above Door,Church - Normal,Small Camp - Caravans,Small Camp - Dogs and Soldiers,Township - Township,,Church - Normal,Church - Rats,,,Church - Normal
278,Caligo,Noklateo,Small Camp - Misbegotten,Church - Normal,Sorcerer's Rise - Pool Reflection,Church - Normal,Small Camp - Caravans,,Small Camp - Demi-Humans,Sorcerer's Rise - Imp Statue,,,Church - Normal
279,Caligo,Noklateo,Small Camp - Demi-Humans,Sorcerer's Rise - Unlit Candle,Church - Normal,Small Camp - Misbegotten,Church - Normal,,Small Camp - Soldiers,Township - Township,,,Church - Normal
280,Heolstor,Default,Church - Normal,Small Camp - Soldiers,Sorcerer's Rise - Missing Statue,Church - Normal,Sorcerer's Rise - Withered Trees,Small Camp - Caravans,Small Camp - Caravans,Small Camp - Demi-Humans,Township - Township,Church - Normal,Small Camp - Dogs and Soldiers
281,Heolstor,Default,Sorcerer's Rise - Above Door,Small Camp - Guilty,Small Camp - Caravans,Church - Normal,Small Camp - Rats and Demi-Humans,Sorcerer's Rise - Windy Trees,Sorcerer's Rise - Withered Trees,Church - Normal,Church - Normal,Small Camp - Caravans,Small Camp - Misbegotten
282,Heolstor,Default,Small Camp - Guilty,Church - Normal,Small Camp - Guilty,Small Camp - Caravans,Sorcerer's Rise - Fake Building,Small Camp - Caravans,Small Camp - Foot Soldiers,Church - Normal,Church - Normal,Small Camp - Misbegotten,Sorcerer's Rise - Pool Reflection
283,Heolstor,Default,Small Camp - Wandering Nobles,Church - Normal,Sorcerer's Rise - Unlit Candle,Small Camp - Dogs,Small Camp - Caravans,Small Camp - Caravans,Church - Normal,Small Camp - Guilty,Church - Normal,Small Camp - Guilty,Township - Township
284,Heolstor,Default,Church - Normal,Sorcerer's Rise - Fleeing Stump,Church - Normal,Sorcerer's Rise - Above Door,Small Camp - Caravans,Small Camp - Dogs and Soldiers,Small Camp - Soldiers,Small Camp - Caravans,Small Camp - Caravans and Nobles,Sorcerer's Rise - Fake Building,Church - Normal
285,Heolstor,Default,Small Camp - Soldiers,Church - Normal,Church - Normal,Sorcerer's Rise - Unlit Candle,Sorcerer's Rise - Imp Statue,Small Camp - Caravans,Small Camp - Dogs and Soldiers,Small Camp - Foot Soldiers,Church - Normal,Sorcerer's Rise - Pool Reflection,Small Camp - Dogs and Soldiers
286,Heolstor,Default,Church - Normal,Small Camp - Guilty,Township - Township,Church - Normal,Small Camp - Guilty,Small Camp - Dogs,Small Camp - Demi-Humans,Small Camp - Caravans,Sorcerer's Rise - Fog Door,Small Camp - Guilty,Church - Normal
287,Heolstor,Default,Church - Normal,Small Camp - Soldiers,Church - Normal,Small Camp - Caravans,Small Camp - Soldiers,Small Camp - Soldiers,Small Camp - Dogs,Church - Rats,Church - Normal,Small Camp - Dogs,Sorcerer's Rise - Fleeing Stump
288,Heolstor,Default,Church - Normal,Church - Rats,Small Camp - Dogs,Sorcerer's Rise - Fog Door,Small Camp - Misbegotten,Small Camp - Caravans,Small Camp - Caravans,Church - Normal,Church - Normal,Sorcerer's Rise - Fake Building,Sorcerer's Rise - Fleeing Stump
289,Heolstor,Default,Small Camp - Caravans,Small Camp - Guilty,Sorcerer's Rise - Pool Reflection,Church - Normal,Church - Normal,Church - Normal,Township - Township,Small Camp - Guilty,Small Camp - Shack,Sorcerer's Rise - Fleeing Stump,Small Camp - Dogs and Soldiers
290,Heolstor,Default,Church - Normal,Small Camp - Soldiers,Sorcerer's Rise - Missing Statue,Small Camp - Dogs,Township - Township,Small Camp - Dogs,Church - Normal,Church - Normal,Small Camp - Soldiers,Small Camp - Caravans,Small Camp - Demi-Humans
291,Heolstor,Default,Small Camp - Soldiers,Sorcerer's Rise - Windy Trees,Township - Township,Small Camp - Misbegotten,Small Camp - Caravans,Church - Normal,Small Camp - Misbegotten,Church - Normal,Small Camp - Nobles and Soldiers,Church - Normal,Small Camp - Caravans
292,Heolstor,Default,Small Camp - Caravans and Nobles,Sorcerer's Rise - Windy Trees,Small Camp - Dogs and Soldiers,Church - Normal,Church - Normal,Small Camp - Caravans,Sorcerer's Rise - Pool Reflection,Small Camp - Dogs and Soldiers,Small Camp - Misbegotten,Church - Normal,Small Camp - Dogs and Soldiers
293,Heolstor,Default,Church - Normal,Small Camp - Nobles and Soldiers,Small Camp - Dogs,Church - Normal,Small Camp - Soldiers,Small Camp - Dogs,Sorcerer's Rise - Missing Statue,Church - Normal,Small Camp - Caravans,Sorcerer's Rise - Fog Door,Small Camp - Caravans
294,Heolstor,Default,Township - Township,Church - Normal,Church - Rats,Small Camp - Misbegotten,Sorcerer's Rise - Above Door,Sorcerer's Rise - Missing Statue,Church - Normal,Small Camp - Dogs and Soldiers,Small Camp - Dogs and Soldiers,Small Camp - Caravans,Church - Normal
295,Heolstor,Default,Small Camp - Caravans,Church - Normal,Small Camp - Caravans,Small Camp - Dogs,Small Camp - Dogs,Small Camp - Shack,Sorcerer's Rise - Missing Statue,Church - Normal,Small Camp - Dogs and Soldiers,Church - Normal,Small Camp - Dogs and Soldiers
296,Heolstor,Default,Small Camp - Shack,Township - Township,Small Camp - Dogs and Soldiers,Sorcerer's Rise - Unlit Candle,Church - Normal,Small Camp - Caravans,Church - Normal,Small Camp - Caravans,Small Camp - Soldiers,Church - Normal,Small Camp - Soldiers
297,Heolstor,Default,Church - Normal,Church - Normal,Sorcerer's Rise - Missing Statue,Church - Normal,Small Camp - Dogs,Small Camp - Nobles and Soldiers,Small Camp - Dogs and Soldiers,Sorcerer's Rise - Fog Door,Small Camp - Caravans,Small Camp - Caravans,Sorcerer's Rise - Pool Reflection
298,Heolstor,Default,Small Camp - Misbegotten,Small Camp - Dogs and Soldiers,Small Camp - Caravans,Small Camp - Misbegotten,Small Camp - Foot Soldiers,Church - Normal,Sorcerer's Rise - Windy Trees,Church - Normal,Small Camp - Dogs and Soldiers,Township - Township,Church - Normal
299,Heolstor,Default,Small Camp - Nobles and Soldiers,Church - Normal,Church - Normal,Small Camp - Misbegotten,Small Camp - Dogs,Small Camp - Misbegotten,Sorcerer's Rise - Above Door,Small Camp - Caravans,Small Camp - Misbegotten,Church - Normal,Small Camp - Dogs
300,Heolstor,Mountaintop,Small Camp - Caravans,,Small Camp - Demi-Humans,Church - Normal,,Sorcerer's Rise - Withered Trees,Small Camp - Dogs,Sorcerer's Rise - Pool Reflection,Church - Normal,Church - Normal,Small Camp - Soldiers
301,Heolstor,Mountaintop,Church - Normal,,Small Camp - Misbegotten,Church - Normal,,Church - Normal,Sorcerer's Rise - Missing Statue,Sorcerer's Rise - Fleeing Stump,Small Camp - Misbegotten,Small Camp - Dogs and Soldiers,Small Camp - Demi-Humans
302,Heolstor,Mountaintop,Small Camp - Soldiers,,Church - Normal,Sorcerer's Rise - Missing Statue,,Church - Normal,Small Camp - Soldiers,Sorcerer's Rise - Withered Trees,Small Camp - Dogs and Soldiers,Church - Normal,Small Camp - Demi-Humans
303,Heolstor,Mountaintop,Small Camp - Caravans,,Church - Normal,Small Camp - Soldiers,,Church - Normal,Small Camp - Soldiers,Sorcerer's Rise - Windy Trees,Small Camp - Dogs and Soldiers,Church - Normal,Small Camp - Demi-Humans
304,Heolstor,Mountaintop,Small Camp - Caravans and Nobles,,Small Camp - Misbegotten,Small Camp - Guilty,,Church - Normal,Small Camp - Misbegotten,Church - Normal,Sorcerer's Rise - Pool Reflection,Small Camp - Misbegotten,Church - Normal
305,Heolstor,Crater,,Small Camp - Misbegotten,Sorcerer's Rise - Missing Statue,Church - Normal,,Church - Normal,Sorcerer's Rise - Pool Reflection,Township - Township,Small Camp - Caravans and Nobles,Church - Normal,Small Camp - Guilty
306,Heolstor,Crater,,Small Camp - Misbegotten,Small Camp - Rats and Demi-Humans,Church - Normal,,Sorcerer's Rise - Above Door,Sorcerer's Rise - Fake Building,Small Camp - Guilty,Church - Normal,Church - Normal,Small Camp - Caravans
307,Heolstor,Crater,,Church - Normal,Church - Normal,Small Camp - Misbegotten,,Small Camp - Misbegotten,Small Camp - Dogs and Soldiers,Sorcerer's Rise - Pool Reflection,Small Camp - Dogs and Soldiers,Church - Normal,Small Camp - Nobles and Soldiers
308,Heolstor,Crater,,Church - Normal,Small Camp - Caravans,Church - Normal,,Sorcerer's Rise - Missing Statue,Small Camp - Dogs,Small Camp - Demi-Humans,Small Camp - Misbegotten,Small Camp - Dogs,Church - Normal
309,Heolstor,Crater,,Church - Rats,Township - Township,Church - Normal,,Church - Normal,Small Camp - Guilty,Church - Normal,Small Camp - Guilty,Sorcerer's Rise - Unlit Candle,Small Camp - Misbegotten
310,Heolstor,Rotted Woods,Church - Normal,Church - Normal,Small Camp - Rats and Demi-Humans,Church - Normal,Sorcerer's Rise - Windy Trees,Sorcerer's Rise - Pool Reflection,,,Small Camp - Dogs and Soldiers,Small Camp - Dogs,
311,Heolstor,Rotted Woods,Small Camp - Misbegotten,Church - Rats,Sorcerer's Rise - Missing Statue,Church - Normal,Church - Normal,Sorcerer's Rise - Unlit Candle,,,Church - Normal,Small Camp - Caravans,
312,Heolstor,Rotted Woods,Church - Normal,Small Camp - Shack,Sorcerer's Rise - Fake Building,Church - Normal,Small Camp - Dogs and Soldiers,Sorcerer's Rise - Above Door,,,Small Camp - Soldiers,Church - Normal,
313,Heolstor,Rotted Woods,Small Camp - Shack,Small Camp - Dogs and Soldiers,Sorcerer's Rise - Fog Door,Church - Normal,Church - Normal,Church - Normal,,,Sorcerer's Rise - Fake Building,Small Camp - Guilty,
314,Heolstor,Rotted Woods,Small Camp - Dogs and Soldiers,Township - Township,Church - Normal,Small Camp - Misbegotten,Church - Normal,Small Camp - Foot Soldiers,,,Church - Normal,Sorcerer's Rise - Fog Door,
315,Heolstor,Noklateo,Church - Normal,Church - Normal,Church - Normal,Sorcerer's Rise - Fleeing Stump,Small Camp - Soldiers,,Small Camp - Nobles and Soldiers,Sorcerer's Rise - Withered Trees,,,Small Camp - Guilty
316,Heolstor,Noklateo,Small Camp - Dogs and Soldiers,Sorcerer's Rise - Fleeing Stump,Sorcerer's Rise - Windy Trees,Church - Normal,Small Camp - Caravans,,Small Camp - Caravans and Nobles,Church - Normal,,,Church - Normal
317,Heolstor,Noklateo,Church - Normal,Church - Normal,Small Camp - Wandering Nobles,Church - Normal,Small Camp - Caravans,,Sorcerer's Rise - Fake Building,Township - Township,,,Small Camp - Dogs and Soldiers
318,Heolstor,Noklateo,Small Camp - Rats and Demi-Humans,Small Camp - Soldiers,Sorcerer's Rise - Above Door,Sorcerer's Rise - Fog Door,Church - Normal,,Church - Normal,Township - Township,,,Church - Normal
319,Heolstor,Noklateo,Church - Normal,Small Camp - Dogs,Small Camp - Caravans and Nobles,Church - Normal,Church - Normal,,Sorcerer's Rise - Unlit Candle,Township - Township,,,Small Camp - Soldiers